key	en	es	fr
LOGGIN MENU			
COULDNT_CONNECT_TO_SERVER	Couldn’t connect to server	No se ha podido conectar con el servidor	…
LOGIN_BUTTON	Log in	Iniciar sesión	…
REGISTER_BUTON	Register	Registrarse	
CONTINUE_WITH_42	Continue with 42 Intra	Conectarse a través de 42	
PLAY_OFFLINE	Play offline	Jugar offline	
WAITING_INTRA_MSG	Waiting for 42 Intra Login…	Esperando inicio de sesión…	
CHECK_BROSWER_MSG	Please check your browser	Comprueba el navegador	
REGISTER_TAG	Register	Registrarse	
LOGIN_TAG	Log in	Iniciar sesión	
USERAME_TAG	Username	Usuario	
PASSWORD_TAG	Password	Contraseña	
TOS_BUTTON	Terms of service	Terminos de servicio	
			
			
			
			
			
			
			
			
			
			
			
			
			
			
			
			
			
			
			
			
			
			
MAIN MENU			
BACK_BUTTON	Back	Atrás	Arriere
MULTIPLAYER_BUTTON	Multiplayer	Multijugador	Multijoueur
SINGLEPLAYER_BUTTON	Singleplayer	Un jugador	Singleplayer f
PROFILE_BUTTON	Profile	Perfil	Profil
SETTINGS_BUTTON	Settings	Ajustes	Paramètres
SANDBOX_BUTTON	Sandbox	Sandbox	Sandbox
EXIT_BUTTON	Exit	Salir	Sortir
			
			
			
			
			
			
			
SETTINGS			
VOLUME_TAG	Volume	Volumen	Volume f
MUSIC_TAG	Music	Musica	Music f
SFX_TAG	Sound effects	Efectos de sonido	SFX f
LANGUAGE_TAG	Language	Idioma	Langue
APPLY_BUTTON	Apply	Aplicar	Apply f
LANGUAGE_ENGLISH	English	Inglés	Anglais
LANGUAGE_SPANISH	Spanish	Español	Spaniel
LANGUAGE_FRENCH	French	Francés	Français
			
			
			
MULTIPLAYER			
CREATE_ROOM_BUTTON	Create room	Crear sala	Create room f
JOIN_ROOM_BUTTON	Join Room	Unirse a una sala	Join room f
ROOM_CODE_TAG	Room code	Código de la sala	Room code f
NO_ROOM_NOTIFY	This room doesn’t exist	La sala no existe	Room doesn’t exist f
